algo,train_time (ms)
A2C,5151032.0427417755
ACKTR,5078682.824611664
PPO2,5066974.015712738
TRPO,5064004.322767258
